{"options":{"check_for_updates":true,"comment":null,"compatopts_for_requires":true,"compat_wrappedjsobject":false,"compat_metadata":false,"compat_foreach":false,"compat_arrayleft":false,"compat_uW_gmonkey":false,"compat_forvarin":false,"noframes":null,"awareOfChrome":false,"run_at":null,"override":{"use_includes":[],"orig_includes":["http://*","https://*"],"merge_includes":true,"use_matches":[],"orig_matches":[],"merge_matches":true,"use_excludes":[],"orig_excludes":[],"merge_excludes":true,"use_connects":[],"merge_connects":true,"use_blockers":[],"orig_run_at":"document-start","orig_noframes":null,"orig_connects":["*"]}},"settings":{"enabled":true,"position":18},"meta":{"name":"AdsBypasser","uuid":"017e9eaa-51ad-4a9e-a5cc-4e34484b0cbd","modified":1515427764420,"file_url":"https://adsbypasser.github.io/releases/adsbypasser.full.es7.user.js"}}