{"options":{"check_for_updates":true,"comment":null,"compatopts_for_requires":true,"compat_wrappedjsobject":false,"compat_metadata":false,"compat_foreach":false,"compat_arrayleft":false,"compat_uW_gmonkey":false,"compat_forvarin":false,"noframes":null,"awareOfChrome":false,"run_at":null,"override":{"use_includes":[],"orig_includes":["*blogspot.*","*blogger.com/blogin.g?blogspotURL=*"],"merge_includes":true,"use_matches":[],"orig_matches":[],"merge_matches":true,"use_excludes":[],"orig_excludes":[],"merge_excludes":true,"use_connects":[],"merge_connects":true,"use_blockers":[],"orig_run_at":"document-idle","orig_noframes":null,"orig_connects":[]}},"settings":{"enabled":true,"position":57},"meta":{"name":"Blogspot content warning auto-skip","uuid":"f54088c6-7d34-4fd1-95fb-67a692c5909e","modified":1512142994290,"file_url":"https://greasyfork.org/scripts/7877-blogspot-content-warning-auto-skip/code/Blogspot%20content%20warning%20auto-skip.user.js"}}