{"options":{"check_for_updates":true,"comment":null,"compatopts_for_requires":true,"compat_wrappedjsobject":false,"compat_metadata":false,"compat_foreach":false,"compat_arrayleft":false,"compat_uW_gmonkey":false,"compat_forvarin":false,"noframes":null,"awareOfChrome":false,"run_at":null,"override":{"use_includes":[],"orig_includes":["http://book.duxiu.com/search*","http://book.duxiu.com/advsearch*","http://book.duxiu.com/expsearch*","http://books.gdlink.net.cn/search*","http://book.szdnet.org.cn/search*","http://book.szdnet.org.cn/advsearch*","http://book.szdnet.org.cn/expsearch*"],"merge_includes":true,"use_matches":[],"orig_matches":[],"merge_matches":true,"use_excludes":[],"orig_excludes":[],"merge_excludes":true,"use_connects":[],"merge_connects":true,"use_blockers":[],"orig_run_at":"document-idle","orig_noframes":null,"orig_connects":[]}},"settings":{"enabled":true,"position":48},"meta":{"name":"Book - 读秀显示SS","uuid":"87703b8d-1106-48ee-b4c7-0f1b3e37e61c","modified":1511042390647}}