{"options":{"check_for_updates":true,"comment":null,"compatopts_for_requires":true,"compat_wrappedjsobject":false,"compat_metadata":false,"compat_foreach":false,"compat_arrayleft":false,"compat_prototypes":false,"compat_uW_gmonkey":false,"compat_forvarin":false,"noframes":null,"awareOfChrome":true,"run_at":null,"override":{"use_includes":[],"orig_includes":["http://localhost.cuwcl4c/*","http://jixunmoe.github.io/*","http://123564.com/*","http://m.123564.com/*","http://5xfile.com/*","http://www.5xfile.com/*","http://yun.baidu.com/*","http://pan.baidu.com/*","http://howfile.com/*","http://*.howfile.com/*","http://jkpan.cc/*","http://*.jkpan.cc/*","http://namipan.cc/*","http://*.namipan.cc/*","http://10pan.cc/*","http://*.10pan.cc/*","http://66yp.cc/*","http://*.66yp.cc/*","http://123wzwp.com/*","http://*.123wzwp.com/*","http://hiyp.cc/*","http://*.hiyp.cc/*","http://jkpan.cc/*","http://*.jkpan.cc/*","http://webhd.xuite.net/*","http://sync.hamicloud.net/*","http://www.yimuhe.com/*","http://douban.fm/*","https://douban.fm/*","http://moe.fm/*","http://music.163.com/*","https://music.163.com/*","http://www.1ting.com/*","http://www.23356.com/*","http://www.app-echo.com/*","http://web.kugou.com/*","https://jixunmoe.github.io/cuwcl4c/config/"],"merge_includes":true,"use_matches":[],"orig_matches":[],"merge_matches":true,"use_excludes":[],"orig_excludes":[],"merge_excludes":true,"use_connects":[],"merge_connects":true,"use_blockers":[],"orig_run_at":"document-start","orig_noframes":null,"orig_connects":["down.lepan.cc","music.baidu.com","yinyueyun.baidu.com","media.store.kugou.com","trackercdn.kugou.com","yinyuetai.com","itwusun.com","self"]}},"settings":{"enabled":true,"position":7},"meta":{"name":"Bypass Wait, Code & Login on Websites","uuid":"394ddd49-db2d-4cf1-9afe-1480ca7e6c55","modified":1511038767321,"file_url":"https://greasyfork.org/scripts/2600-%E8%B7%B3%E8%BF%87%E7%BD%91%E7%AB%99%E7%AD%89%E5%BE%85-%E9%AA%8C%E8%AF%81%E7%A0%81%E5%8F%8A%E7%99%BB%E5%BD%95/code/%E8%B7%B3%E8%BF%87%E7%BD%91%E7%AB%99%E7%AD%89%E5%BE%85%E3%80%81%E9%AA%8C%E8%AF%81%E7%A0%81%E5%8F%8A%E7%99%BB%E5%BD%95.user.js"}}