{"options":{"check_for_updates":true,"comment":null,"compatopts_for_requires":true,"compat_wrappedjsobject":false,"compat_metadata":false,"compat_foreach":false,"compat_arrayleft":false,"compat_uW_gmonkey":false,"compat_forvarin":false,"noframes":null,"awareOfChrome":false,"run_at":null,"override":{"use_includes":[],"orig_includes":["http://*.cnki.net/*","http://*.cnki.net.*/*","*/kns/brief/*","*/kns55/brief/*","*/grid2008/brief/*","*/detail/detail.aspx*"],"merge_includes":true,"use_matches":[],"orig_matches":[],"merge_matches":true,"use_excludes":[],"orig_excludes":["http://image.cnki.net/*"],"merge_excludes":true,"use_connects":[],"merge_connects":true,"use_blockers":[],"orig_run_at":"document-idle","orig_noframes":null,"orig_connects":[]}},"settings":{"enabled":true,"position":24},"meta":{"name":"CNKI 中国知网 PDF 全文下载","uuid":"4da6d7cf-73df-43f3-ac12-7b87ff4749cf","modified":1511041605105,"file_url":"https://greasyfork.org/scripts/18841-cnki-%E4%B8%AD%E5%9B%BD%E7%9F%A5%E7%BD%91-pdf-%E5%85%A8%E6%96%87%E4%B8%8B%E8%BD%BD/code/CNKI%20%E4%B8%AD%E5%9B%BD%E7%9F%A5%E7%BD%91%20PDF%20%E5%85%A8%E6%96%87%E4%B8%8B%E8%BD%BD.user.js"}}