{"options":{"check_for_updates":true,"comment":null,"compatopts_for_requires":true,"compat_wrappedjsobject":false,"compat_metadata":false,"compat_foreach":false,"compat_arrayleft":false,"compat_uW_gmonkey":false,"compat_forvarin":false,"noframes":null,"awareOfChrome":false,"run_at":null,"override":{"use_includes":[],"orig_includes":["http://www.dailymotion.com/*","https://www.dailymotion.com/*"],"merge_includes":true,"use_matches":[],"orig_matches":[],"merge_matches":true,"use_excludes":[],"orig_excludes":[],"merge_excludes":true,"use_connects":[],"merge_connects":true,"use_blockers":[],"orig_run_at":"document-idle","orig_noframes":null,"orig_connects":["dailymotion.com"]}},"settings":{"enabled":true,"position":22},"meta":{"name":"Dailymotion Raw Html5 Player","uuid":"02ef0a80-eda7-4d49-ab71-f76e52d80a19","modified":1514054700480,"file_url":"https://greasyfork.org/scripts/18056-dailymotion-raw-html5-player/code/Dailymotion%20Raw%20Html5%20Player.user.js"}}