{"options":{"check_for_updates":true,"comment":null,"compatopts_for_requires":true,"compat_wrappedjsobject":false,"compat_metadata":false,"compat_foreach":false,"compat_arrayleft":false,"compat_prototypes":true,"compat_uW_gmonkey":false,"compat_forvarin":false,"noframes":null,"awareOfChrome":false,"run_at":null,"override":{"use_includes":[],"orig_includes":[],"merge_includes":true,"use_matches":[],"orig_matches":["*://www.dailymotion.com/video/*"],"merge_matches":true,"use_excludes":[],"orig_excludes":[],"merge_excludes":true,"use_connects":[],"merge_connects":true,"use_blockers":[],"orig_run_at":"document-idle","orig_noframes":null,"orig_connects":[]}},"settings":{"enabled":true,"position":21},"meta":{"name":"DailyMotion Extract DownloadURL","uuid":"46dfd8ca-0934-48b4-bb48-5e43b673eb8c","modified":1511041242998,"file_url":"https://greasyfork.org/scripts/11578-dailymotion-extract-downloadurl/code/DailyMotion%20Extract%20DownloadURL.user.js"}}