{"options":{"check_for_updates":true,"comment":null,"compatopts_for_requires":true,"compat_wrappedjsobject":false,"compat_metadata":false,"compat_foreach":false,"compat_arrayleft":false,"compat_uW_gmonkey":false,"compat_forvarin":false,"noframes":null,"awareOfChrome":false,"run_at":null,"override":{"use_includes":[],"orig_includes":[],"merge_includes":true,"use_matches":[],"orig_matches":["https://play.google.com/*","http://play.google.com/*"],"merge_matches":true,"use_excludes":[],"orig_excludes":[],"merge_excludes":true,"use_connects":[],"merge_connects":true,"use_blockers":[],"orig_run_at":"document-idle","orig_noframes":null,"orig_connects":[]}},"settings":{"enabled":true,"position":102},"meta":{"name":"Direct download from Google Play","uuid":"4fe0865d-10ec-4bb2-9397-4ab60f1d2cb9","modified":1515354069653,"file_url":"https://greasyfork.org/scripts/33005-direct-download-from-google-play/code/Direct%20download%20from%20Google%20Play.user.js"}}