{"options":{"check_for_updates":true,"comment":null,"compatopts_for_requires":true,"compat_wrappedjsobject":false,"compat_metadata":false,"compat_foreach":false,"compat_arrayleft":false,"compat_uW_gmonkey":false,"compat_forvarin":false,"noframes":null,"awareOfChrome":false,"run_at":null,"override":{"use_includes":[],"orig_includes":["http://*/home.php?mod=spacecp&ac=avatar*"],"merge_includes":true,"use_matches":[],"orig_matches":[],"merge_matches":true,"use_excludes":[],"orig_excludes":[],"merge_excludes":true,"use_connects":[],"merge_connects":true,"use_blockers":[],"orig_run_at":"document-end","orig_noframes":null,"orig_connects":[]}},"settings":{"enabled":true,"position":25},"meta":{"name":"Discuz论坛头像上传助手","uuid":"367f0e26-17e5-44e9-a773-a7cfd90396fc","modified":1511041693014,"file_url":"https://greasyfork.org/scripts/2253-discuz%E8%AE%BA%E5%9D%9B%E5%A4%B4%E5%83%8F%E4%B8%8A%E4%BC%A0%E5%8A%A9%E6%89%8B/code/Discuz%E8%AE%BA%E5%9D%9B%E5%A4%B4%E5%83%8F%E4%B8%8A%E4%BC%A0%E5%8A%A9%E6%89%8B.user.js"}}