{"options":{"check_for_updates":true,"comment":null,"compatopts_for_requires":true,"compat_wrappedjsobject":false,"compat_metadata":false,"compat_foreach":false,"compat_arrayleft":false,"compat_uW_gmonkey":false,"compat_forvarin":false,"noframes":null,"awareOfChrome":false,"run_at":null,"override":{"use_includes":[],"orig_includes":["http://*","https://*"],"merge_includes":true,"use_matches":[],"orig_matches":[],"merge_matches":true,"use_excludes":[],"orig_excludes":["http://maps.google.com/*","https://maps.google.com/*"],"merge_excludes":true,"use_connects":[],"merge_connects":true,"use_blockers":[],"orig_run_at":"document-idle","orig_noframes":null,"orig_connects":[]}},"settings":{"enabled":true,"position":85},"meta":{"name":"Enhanced word highlight","uuid":"15e085e8-dd12-4674-b4e5-83bc1c12810d","modified":1512151295417,"file_url":"https://greasyfork.org/scripts/7251-enhanced-word-highlight/code/Enhanced%20word%20highlight.user.js"}}