{"options":{"check_for_updates":true,"comment":null,"compatopts_for_requires":true,"compat_wrappedjsobject":false,"compat_metadata":false,"compat_foreach":false,"compat_arrayleft":false,"compat_uW_gmonkey":false,"compat_forvarin":false,"noframes":null,"awareOfChrome":false,"run_at":null,"override":{"use_includes":[],"orig_includes":["https://www.google.com/*"],"merge_includes":true,"use_matches":[],"orig_matches":[],"merge_matches":true,"use_excludes":[],"orig_excludes":[],"merge_excludes":true,"use_connects":[],"merge_connects":true,"use_blockers":[],"orig_run_at":"document-idle","orig_noframes":null,"orig_connects":[]}},"settings":{"enabled":true,"position":54},"meta":{"name":"Filter Google Search Results by Language","uuid":"6a9bf3c5-16f1-4bbd-86b7-5df378ad9f1e","modified":1511043187428,"file_url":"https://greasyfork.org/scripts/14627-filter-google-search-results-by-language/code/Filter%20Google%20Search%20Results%20by%20Language.user.js"}}