{"options":{"check_for_updates":true,"comment":null,"compatopts_for_requires":true,"compat_wrappedjsobject":false,"compat_metadata":false,"compat_foreach":false,"compat_arrayleft":false,"compat_uW_gmonkey":false,"compat_forvarin":false,"noframes":null,"awareOfChrome":false,"run_at":null,"override":{"use_includes":[],"orig_includes":["/https?://((gist)\\.)?github\\.com/"],"merge_includes":true,"use_matches":[],"orig_matches":[],"merge_matches":true,"use_excludes":[],"orig_excludes":[],"merge_excludes":true,"use_connects":[],"merge_connects":true,"use_blockers":[],"orig_run_at":"document-end","orig_noframes":null,"orig_connects":["*"]}},"settings":{"enabled":true,"position":55},"meta":{"name":"GitHub Custom Emojis","uuid":"4f91b554-3cea-45fd-bd26-953e23c1707d","modified":1511043366006,"file_url":"https://greasyfork.org/scripts/17618-github-custom-emojis/code/GitHub%20Custom%20Emojis.user.js"}}