{"options":{"check_for_updates":true,"comment":null,"compatopts_for_requires":true,"compat_wrappedjsobject":false,"compat_metadata":false,"compat_foreach":false,"compat_arrayleft":false,"compat_uW_gmonkey":false,"compat_forvarin":false,"noframes":null,"awareOfChrome":false,"run_at":null,"override":{"use_includes":[],"orig_includes":["http://www.xiami.com/radio/play","http://www.xiami.com/radio/play*","http://www.xiami.com/play*"],"merge_includes":true,"use_matches":[],"orig_matches":[],"merge_matches":true,"use_excludes":[],"orig_excludes":[],"merge_excludes":true,"use_connects":[],"merge_connects":true,"use_blockers":[],"orig_run_at":"document-idle","orig_noframes":null,"orig_connects":[]}},"settings":{"enabled":true,"position":94},"meta":{"name":"GMscrobber for xiami","uuid":"590ed53d-ae9c-44a7-802d-618048ed50ad","modified":1512152342193,"file_url":"https://justan.github.io/gmscrobber/scrobblers/GMscrobbler_for_xiami.user.js"}}