{"options":{"check_for_updates":true,"comment":null,"compatopts_for_requires":true,"compat_wrappedjsobject":false,"compat_metadata":false,"compat_foreach":false,"compat_arrayleft":false,"compat_uW_gmonkey":false,"compat_forvarin":false,"noframes":null,"awareOfChrome":false,"run_at":null,"override":{"use_includes":[],"orig_includes":["https://greasyfork.org/*/scripts*","https://greasyfork.org/*/forum*"],"merge_includes":true,"use_matches":[],"orig_matches":[],"merge_matches":true,"use_excludes":[],"orig_excludes":["/^https:\\/\\/greasyfork.org\\/.*\\/scripts\\/\\d+.*/","https://greasyfork.org/*/scripts/by-site","https://greasyfork.org/*/scripts/by-site?*","https://greasyfork.org/*/forum/discussion/*","https://greasyfork.org/*/forum/profile*","https://greasyfork.org/*/forum/messages*","https://greasyfork.org/*/forum/categories"],"merge_excludes":true,"use_connects":[],"merge_connects":true,"use_blockers":[],"orig_run_at":"document-idle","orig_noframes":null,"orig_connects":[]}},"settings":{"enabled":true,"position":60},"meta":{"name":"GreasyFork Bullshit Filter","uuid":"931f3fe8-8f2d-498f-bae6-c8f2456c3704","modified":1512143240339,"file_url":"https://greasyfork.org/scripts/12179-greasyfork-bull-filter/code/GreasyFork%20Bullshit%20Filter.user.js"}}