{"options":{"check_for_updates":true,"comment":null,"compatopts_for_requires":true,"compat_wrappedjsobject":false,"compat_metadata":false,"compat_foreach":false,"compat_arrayleft":false,"compat_uW_gmonkey":false,"compat_forvarin":false,"noframes":null,"awareOfChrome":false,"run_at":null,"override":{"use_includes":[],"orig_includes":[],"merge_includes":true,"use_matches":[],"orig_matches":["https://thepiratebay.org/*"],"merge_matches":true,"use_excludes":[],"orig_excludes":[],"merge_excludes":true,"use_connects":[],"merge_connects":true,"use_blockers":[],"orig_run_at":"document-idle","orig_noframes":null,"orig_connects":[]}},"settings":{"enabled":true,"position":62},"meta":{"name":"Hide Fake Torrents on The Pirate Bay","uuid":"60d38c83-4889-42e0-9563-9d66fa461e01","modified":1512143292564,"file_url":"https://greasyfork.org/scripts/21980-hide-fake-torrents-on-the-pirate-bay/code/Hide%20Fake%20Torrents%20on%20The%20Pirate%20Bay.user.js"}}