{"options":{"check_for_updates":true,"comment":null,"compatopts_for_requires":true,"compat_wrappedjsobject":false,"compat_metadata":false,"compat_foreach":false,"compat_arrayleft":false,"compat_uW_gmonkey":false,"compat_forvarin":false,"noframes":null,"awareOfChrome":false,"run_at":null,"override":{"use_includes":[],"orig_includes":["*://*.iqiyi.com/*","*://v.baidu.com/*","*://music.baidu.com/mv/*","*://www.zybus.com/*"],"merge_includes":true,"use_matches":[],"orig_matches":[],"merge_matches":true,"use_excludes":[],"orig_excludes":[],"merge_excludes":true,"use_connects":[],"merge_connects":true,"use_blockers":[],"orig_run_at":"document-start","orig_noframes":null,"orig_connects":["qiyi.com"]}},"settings":{"enabled":true,"position":1},"meta":{"name":"iqiyi-player-switch","uuid":"4e3f4103-c8c0-40bb-a85e-460fe0cc4504","modified":1510316016602,"file_url":"https://greasyfork.org/scripts/28356-iqiyi-player-switch/code/iqiyi-player-switch.user.js"}}