{"options":{"check_for_updates":true,"comment":null,"compatopts_for_requires":true,"compat_wrappedjsobject":false,"compat_metadata":false,"compat_foreach":false,"compat_arrayleft":false,"compat_uW_gmonkey":false,"compat_forvarin":false,"noframes":null,"awareOfChrome":false,"run_at":null,"override":{"use_includes":[],"orig_includes":["http://*.newsmth.net/*"],"merge_includes":true,"use_matches":[],"orig_matches":[],"merge_matches":true,"use_excludes":[],"orig_excludes":[],"merge_excludes":true,"use_connects":[],"merge_connects":true,"use_blockers":[],"orig_run_at":"document-idle","orig_noframes":null,"orig_connects":[]}},"settings":{"enabled":true,"position":65},"meta":{"name":"m.newsmth.net cross link","uuid":"aecfbfaf-4b84-414a-99e2-d8d8e6d7e3e6","modified":1512143392880,"file_url":"https://greasyfork.org/scripts/5353-m-newsmth-net-cross-link/code/mnewsmthnet%20cross%20link.user.js"}}