{"options":{"check_for_updates":true,"comment":null,"compatopts_for_requires":true,"compat_wrappedjsobject":false,"compat_metadata":false,"compat_foreach":false,"compat_arrayleft":false,"compat_uW_gmonkey":false,"compat_forvarin":false,"noframes":null,"awareOfChrome":false,"run_at":null,"override":{"use_includes":[],"orig_includes":["/^https?://(files|maknyos)\\.indowebster\\.com/\\w/","/^https?://(.+\\.)2shared\\.com/file/\\w/","/^https?://(.+\\.)zippyshare\\.com/v/\\w/","/^https?://(.+\\.)dfpan\\.com/((file|fs)/\\w+|file/down/\\w+)/","/^https?://(|www\\.)4shared\\.com/\\w+\\/\\w+/\\w/","/^https?://(|www\\.)mediafire\\.com/(download|view|file)/\\w/","/^https?://(|www\\.)sendspace\\.com/file/\\w/","/^https?://(|www\\.)uptobox\\.com/\\w/","/^https?://(|www\\.)yimuhe\\.com/((down|file)-|n_dd\\.php\\?)\\w/","/^https?://(|www\\.)howfile\\.com/file/\\w/","/^https?://(|www\\.)uppit\\.com/\\w/","/^https?://(|www\\.)imzupload\\.com/\\w/","/^https?://(|www\\.)clicknupload\\.org/\\w/","/^https?://(|www\\.)jumbofiles\\.com/\\w/","/^https?://(|www\\.)sendmyway\\.com/\\w/","/^https?://(|www\\.)tusfiles\\.net/\\w/","/^https?://(|www\\.)dropbox\\.com/s/\\w/","/^https?://(|www\\.)solidfiles\\.com/\\w/","/^https?://(|www\\.)yadi\\.sk/\\w/","/^https?://(|www\\.)datafilehost\\.com/d/\\w/","/^https?://(|www\\.)userscloud\\.com/\\w/","/^https?://(|www\\.)hulkload\\.com/\\w/","/^https?://app\\.box\\.com/s/\\w/","/^https?://(|www\\.)dailyuploads\\.net/\\w/","/^https?://(|www\\.)kumpulbagi\\.id/\\w/","/^https?://(|www\\.)kbagi\\.com/\\w/","/^https?://(|www\\.)kb.simple-aja\\.info/\\w/","/^https?://(|www\\.)moesubs\\.com/url/\\w/","/^https?://kirino\\.ga/lak/\\w/","/^https?://(|www\\.)kirino\\.sexy/\\w/","/^https?://(|www\\.)seiba\\.ga/\\w/","/^https?://(|www\\.)mylinkgen\\.com/\\w/","/^https?://(|www\\.)linkgen\\.st/\\w/","/^https?://(|www\\.)openload\\.co/\\w/","/^https?://(|www\\.)oload\\.tv/\\w/","/^https?://(|www\\.)rgho\\.st/\\w/","/^https?://(|www\\.)uploadrocket\\.net/\\w/","/^https?://(|www\\.)(upload\\.so|uplod\\.ws)/\\w/","/^https?://(|www\\.)upload\\.ee/files/\\w/","/^https?://(|www\\.)uploads\\.to/\\w/","/^https?://(|www\\.)uploadbank\\.com/\\w/","/^https?://(|www\\.)drop\\.me/\\w/","/^https?://(|www\\.)jzrputtbut.net/\\w/","/^https?://(|www\\.)dropapk\\.com/\\w/","/^https?://(|www\\.)suprafiles\\.org/\\w/","/^https?://(|www\\.)cloudyfiles\\.org/\\w/","/^https?://(|www\\.)douploads\\.com/\\w/","/^https?://(|www\\.)file-upload\\.com/\\w/","/^https?://(|www\\.)topddl\\.net/file/\\w/","/^https?://(|www\\.)up-4ever\\.com/\\w/","/^https?://(|www\\.)3rbup\\.com/\\w/","/^https?://(|www\\.)9xupload\\.me/\\w/","/^https?://(|www\\.)megadrive\\.co/\\w/","/^https?://(|www\\.)samaup\\.com/\\w/","/^https?://(|www\\.)hdupload\\.net/\\w/","/^https?://(|www\\.)bdupload\\.info/\\w/","/^https?://(|www\\.)uptocafe\\.com/\\w/","/^https?://(|www\\.)indishare\\.me/\\w/","/^https?://(|www\\.)minhateca\\.com\\.br/\\w/","/^https?://(|www\\.)akoam\\.com/download/[^\\/]+/\\w/","/^https?://(|www\\.)rapidgator\\.net/(file|download)/\\w/","/^https?://(|www\\.)filefactory\\.com/file/[^\\/]+/\\w/","/^https?://dl\\.free\\.fr/getfile\\.pl\\?file=.+/","/^https?://up\\.top4top\\.net/\\w/","/^https?://public\\.upera\\.co/\\w/","/^https?://cloud\\.mail\\.ru/public/\\w/","/^https?://drive\\.google\\.com/file/d\\/\\w/","/^https?://docs\\.google\\.com/uc\\?\\w/","/^https?://bc\\.vc/([\\w]+)(\\#\\w+?)?$/","/^https?://sh\\.st/([\\w]+)(\\#\\w+?)?$/","/^https?://adf\\.ly/\\w/","/^https?://adfoc\\.us/\\w/","/^https?://my\\.pcloud\\.com/publink/\\w/","/^https?://filescdn\\.com/\\w/","/^https?://gen\\.lib\\.rus\\.ec/\\w/","/^https?://libgen\\.io/\\w/","/^https?://libgen\\.me/\\w/","/^https?://golibgen\\.io/\\w/","/^https?://bookzz\\.org/\\w/","/^https?://(|\\w+.)bookfi\\.net/\\w/"],"merge_includes":true,"use_matches":[],"orig_matches":[],"merge_matches":true,"use_excludes":[],"orig_excludes":[],"merge_excludes":true,"use_connects":[],"merge_connects":true,"use_blockers":[],"orig_run_at":"document-idle","orig_noframes":null,"orig_connects":[]}},"settings":{"enabled":true,"position":66},"meta":{"name":"Maknyos AutoIn","uuid":"c2c689ff-0a28-4391-b3f0-2e519bfdedaf","modified":1512143424338,"file_url":"https://greasyfork.org/scripts/97-maknyos-autoin/code/Maknyos%20AutoIn.user.js"}}