{"options":{"check_for_updates":true,"comment":null,"compatopts_for_requires":true,"compat_wrappedjsobject":false,"compat_metadata":false,"compat_foreach":false,"compat_arrayleft":false,"compat_uW_gmonkey":false,"compat_forvarin":false,"noframes":null,"awareOfChrome":false,"run_at":null,"override":{"use_includes":[],"orig_includes":[],"merge_includes":true,"use_matches":[],"orig_matches":["*://movie.douban.com/subject/*","http://www.imdb.com/title/tt*"],"merge_matches":true,"use_excludes":[],"orig_excludes":[],"merge_excludes":true,"use_connects":[],"merge_connects":true,"use_blockers":[],"orig_run_at":"document-idle","orig_noframes":null,"orig_connects":["api.douban.com","app.imdb.com","www.omdbapi.com"]}},"settings":{"enabled":true,"position":67},"meta":{"name":"MoreMovieRatings","uuid":"886833f4-ad68-4aaf-b756-1f101e2139cc","modified":1512143479770,"file_url":"https://greasyfork.org/scripts/7687-moremovieratings/code/MoreMovieRatings.user.js"}}