{"options":{"check_for_updates":true,"comment":null,"compatopts_for_requires":true,"compat_wrappedjsobject":false,"compat_metadata":false,"compat_foreach":false,"compat_arrayleft":false,"compat_uW_gmonkey":false,"compat_forvarin":false,"noframes":null,"awareOfChrome":false,"run_at":null,"override":{"use_includes":[],"orig_includes":["http://openload.co","/^(https?:)?\\/\\/openload\\.co\\/*.*/"],"merge_includes":true,"use_matches":[],"orig_matches":[],"merge_matches":true,"use_excludes":[],"orig_excludes":[],"merge_excludes":true,"use_connects":[],"merge_connects":true,"use_blockers":[],"orig_run_at":"document-start","orig_noframes":null,"orig_connects":[]}},"settings":{"enabled":true,"position":103},"meta":{"name":"openload","uuid":"04bddf0a-be3b-45a5-94ee-0b8198b05c9b","modified":1515354272281,"file_url":"https://greasyfork.org/scripts/17665-openload/code/openload.user.js"}}