{"options":{"check_for_updates":true,"comment":null,"compatopts_for_requires":true,"compat_wrappedjsobject":false,"compat_metadata":false,"compat_foreach":false,"compat_arrayleft":false,"compat_uW_gmonkey":false,"compat_forvarin":false,"noframes":null,"awareOfChrome":false,"run_at":null,"override":{"use_includes":[],"orig_includes":["/^https?:\\/\\/graph\\.qq\\.com\\/oauth\\/show\\?which=.*$/"],"merge_includes":true,"use_matches":[],"orig_matches":[],"merge_matches":true,"use_excludes":[],"orig_excludes":[],"merge_excludes":true,"use_connects":[],"merge_connects":true,"use_blockers":[],"orig_run_at":"document-end","orig_noframes":null,"orig_connects":[]}},"settings":{"enabled":true,"position":69},"meta":{"name":"QQ快捷登录去除多余权限","uuid":"d2b21319-1582-48de-9c38-addf6fe020fc","modified":1512147229431,"file_url":"https://greasyfork.org/scripts/19052-qq%E5%BF%AB%E6%8D%B7%E7%99%BB%E5%BD%95%E5%8E%BB%E9%99%A4%E5%A4%9A%E4%BD%99%E6%9D%83%E9%99%90/code/QQ%E5%BF%AB%E6%8D%B7%E7%99%BB%E5%BD%95%E5%8E%BB%E9%99%A4%E5%A4%9A%E4%BD%99%E6%9D%83%E9%99%90.user.js"}}