{"options":{"check_for_updates":true,"comment":null,"compatopts_for_requires":true,"compat_wrappedjsobject":false,"compat_metadata":false,"compat_foreach":false,"compat_arrayleft":false,"compat_uW_gmonkey":false,"compat_forvarin":false,"noframes":null,"awareOfChrome":false,"run_at":null,"override":{"use_includes":[],"orig_includes":[],"merge_includes":true,"use_matches":[],"orig_matches":["https://y.qq.com/portal/player.html","https://y.qq.com/portal/player.html?*"],"merge_matches":true,"use_excludes":[],"orig_excludes":[],"merge_excludes":true,"use_connects":[],"merge_connects":true,"use_blockers":[],"orig_run_at":"document-idle","orig_noframes":null,"orig_connects":[]}},"settings":{"enabled":true,"position":91},"meta":{"name":"QQ音乐 online scrobbler","uuid":"ce2f3137-5570-4779-a161-15b83e2f551e","modified":1512152319613,"file_url":"https://justan.github.io/gmscrobber/scrobblers/qqmusicscrobber.user.js"}}