{"options":{"check_for_updates":true,"comment":null,"compatopts_for_requires":true,"compat_wrappedjsobject":false,"compat_metadata":false,"compat_foreach":false,"compat_arrayleft":false,"compat_uW_gmonkey":false,"compat_forvarin":false,"noframes":null,"awareOfChrome":false,"run_at":null,"override":{"use_includes":[],"orig_includes":[],"merge_includes":true,"use_matches":[],"orig_matches":["*://*.reddit.com/*/comments/*"],"merge_matches":true,"use_excludes":[],"orig_excludes":[],"merge_excludes":true,"use_connects":[],"merge_connects":true,"use_blockers":[],"orig_run_at":"document-idle","orig_noframes":null,"orig_connects":[]}},"settings":{"enabled":true,"position":70},"meta":{"name":"Reddit Comment Highlighter (Chrome)","uuid":"0853e7a9-2043-49f0-834d-fe994f1e5afe","modified":1512147273485,"file_url":"https://greasyfork.org/scripts/5104-reddit-comment-highlighter-chrome/code/Reddit%20Comment%20Highlighter%20(Chrome).user.js"}}