{"options":{"check_for_updates":true,"comment":null,"compatopts_for_requires":true,"compat_wrappedjsobject":false,"compat_metadata":false,"compat_foreach":false,"compat_arrayleft":false,"compat_uW_gmonkey":false,"compat_forvarin":false,"noframes":null,"awareOfChrome":false,"run_at":null,"override":{"use_includes":[],"orig_includes":[],"merge_includes":true,"use_matches":[],"orig_matches":["http://*.googleusercontent.com/*","https://*.googleusercontent.com/*","http://*.media.tumblr.com/*","https://*.media.tumblr.com/*","http://secure.static.tumblr.com/*","https://secure.static.tumblr.com/*","http://*.bp.blogspot.com/*","https://*.bp.blogspot.com/*","http://*.sinaimg.cn/*","https://*.sinaimg.cn/*","http://*.sinaimg.com/*","https://*.sinaimg.com/*","http://*.twimg.com/*","https://*.twimg.com/*","http://*.zhimg.com/*","https://*.zhimg.com/*","http://*.douban.com/view/*","https://*.douban.com/view/*","http://*.doubanio.com/view/*","https://*.doubanio.com/view/*","http://imgsrc.baidu.com/*","https://imgsrc.baidu.com/*","http://imgsrc.bdimg.com/*","https://imgsrc.bdimg.com/*","http://*.hiphotos.baidu.com/*","https://*.hiphotos.baidu.com/*","http://*.hiphotos.bdimg.com/*","https://*.hiphotos.bdimg.com/*","http://imgsa.baidu.com/*","https://imgsa.baidu.com/*","http://imgsa.bdimg.com/*","https://imgsa.bdimg.com/*","http://images.akamai.steamusercontent.com/*","https://images.akamai.steamusercontent.com/*","http://steamuserimages-a.akamaihd.net/*","https://steamuserimages-a.akamaihd.net/*","http://*.artstation.com/*","https://*.artstation.com/*","http://i.ytimg.com/*","https://i.ytimg.com/*","http://*.ggpht.com/*","https://*.ggpht.com/*","http://*.pinimg.com/*","https://*.pinimg.com/*","http://*.hdslb.com/*","https://*.hdslb.com/*"],"merge_matches":true,"use_excludes":[],"orig_excludes":[],"merge_excludes":true,"use_connects":[],"merge_connects":true,"use_blockers":[],"orig_run_at":"document-start","orig_noframes":null,"orig_connects":[]}},"settings":{"enabled":true,"position":14},"meta":{"name":"Resize Image On \"Open image in new tab\"","uuid":"eebd19a9-b2aa-45ba-b398-28f6c0a3f76c","modified":1511039543605,"file_url":"https://greasyfork.org/scripts/2312-resize-image-on-open-image-in-new-tab/code/Resize%20Image%20On%20%22Open%20image%20in%20new%20tab%22.user.js"}}