{"script_blacklist_server":[{"severity":"2","rules":["/https?:\\/\\/userscripts\\.org\\/scripts\\/(source|version)/(102614).*\\.user\\.js/"]},{"name":"SaveFrom.net helper","severity":"3","rules":["/https?:\\/\\/sf-addon\\.com\\/.*\\/.*\\.user\\.js/","/https?:\\/\\/.*\\.sf-helper\\.com\\/.*\\.user\\.js/"],"reason":"Shows advertisements"}],"configMode":100,"autoReload":true,"layout_user_css":"[id$=\"_site_images\"],\n[id$=\"_pos_features\"],\ntbody [id$=\"7\"],\ntbody [id$=\"8\"],\ntbody [id$=\"9\"],\n[id$=\"_thead_sites\"],\n[id$=\"_thead_features\"],\n[id$=\"_thead_homepage\"]\n {\n    display: none !important;\n}","layout":"default#dark","notification_showUpdate":"changelog","favicon_service":"google","action_menu_columns":"1","connect_mode":"off","enabled":true,"appearance_badges":"off","action_menu_scripts_hide_disabled":false,"appearance_badge_color":"#ee3131","action_menu_scripts_sort":"position","page_whitelist":["/https?:\\/\\/greasyfork\\.org\\/.*/","http://xkcd.com/970/"],"forbiddenPages":["*example.org/*","*paypal.tld/*","*stripe.com/*","https://*deutsche-bank-24.tld/*","https://*bankofamerica.tld/*","/^.*:\\/\\/apis\\.google\\.com\\/((?!render)([^\\/]+)\\/)+([^\\/]+)?$/","*://www.facebook.com/plugins/*","*://platform.twitter.com/widgets/*"],"webrequest_fixCSP":"yes","webrequest_modHeaders":"yes","script_file_access":"off","external_connect":"all","require_sri_mode":"supported","page_filter_mode":"black","i18n":null,"editor_enabled":false,"editor_lineWrapping":false,"editor_electricChars":true,"editor_autoSave":false,"editor_easySave":true,"editor_highlightTrailingWhitespace":true,"editor_trimTrailingSpacesFromModifiedLines":true,"editor_autoLint":true,"editor_autoLintMaxLen":"50000","editor_theme":"default","editor_fontSize":"100","editor_keyMap":"windows","editor_indentUnit":"4","editor_indentWithTabs":"spaces","editor_tabMode":"indent"}