{"options":{"check_for_updates":true,"comment":null,"compatopts_for_requires":true,"compat_wrappedjsobject":false,"compat_metadata":false,"compat_foreach":false,"compat_arrayleft":false,"compat_uW_gmonkey":false,"compat_forvarin":false,"noframes":null,"awareOfChrome":false,"run_at":null,"override":{"use_includes":[],"orig_includes":["*.taobao.com/member/login.jhtml*"],"merge_includes":true,"use_matches":[],"orig_matches":[],"merge_matches":true,"use_excludes":[],"orig_excludes":[],"merge_excludes":true,"use_connects":[],"merge_connects":true,"use_blockers":[],"orig_run_at":"document-idle","orig_noframes":null,"orig_connects":[]}},"settings":{"enabled":true,"position":71},"meta":{"name":"taobao disable quick login","uuid":"e800571f-3f7a-46bf-976e-47f580cbecdd","modified":1512147301461,"file_url":"https://greasyfork.org/scripts/23281-taobao-disable-quick-login/code/taobao%20disable%20quick%20login.user.js"}}