{"options":{"check_for_updates":true,"comment":null,"compatopts_for_requires":true,"compat_wrappedjsobject":false,"compat_metadata":false,"compat_foreach":false,"compat_arrayleft":false,"compat_uW_gmonkey":false,"compat_forvarin":false,"noframes":null,"awareOfChrome":false,"run_at":null,"override":{"use_includes":[],"orig_includes":["http://tieba.baidu.com/*","https://tieba.baidu.com/*"],"merge_includes":true,"use_matches":[],"orig_matches":["http://tieba.baidu.com/*","https://tieba.baidu.com/*"],"merge_matches":true,"use_excludes":[],"orig_excludes":["http://tieba.baidu.com/*tp=1*","https://tieba.baidu.com/*tp=1*","http://tieba.baidu.com/*tab=*","https://tieba.baidu.com/*tab=*","http://tieba.baidu.com/photo/*","https://tieba.baidu.com/photo/*"],"merge_excludes":true,"use_connects":[],"merge_connects":true,"use_blockers":[],"orig_run_at":"document-idle","orig_noframes":true,"orig_connects":[]}},"settings":{"enabled":true,"position":76},"meta":{"name":"Tieba Preload","uuid":"17a790fe-7b5d-4b5e-b2de-ab08a04b32ef","modified":1512147821899,"file_url":"https://greasyfork.org/scripts/282-tieba-preload/code/Tieba%20Preload.user.js"}}