{"options":{"check_for_updates":true,"comment":null,"compatopts_for_requires":true,"compat_wrappedjsobject":false,"compat_metadata":false,"compat_foreach":false,"compat_arrayleft":false,"compat_uW_gmonkey":false,"compat_forvarin":false,"noframes":null,"awareOfChrome":false,"run_at":null,"override":{"use_includes":[],"orig_includes":["http*://*.v2ex.com/*","http*://v2ex.com/*"],"merge_includes":true,"use_matches":[],"orig_matches":[],"merge_matches":true,"use_excludes":[],"orig_excludes":[],"merge_excludes":true,"use_connects":[],"merge_connects":true,"use_blockers":[],"orig_run_at":"document-idle","orig_noframes":null,"orig_connects":[]}},"settings":{"enabled":true,"position":77},"meta":{"name":"V2EX增强插件","uuid":"b559d14d-2634-44fe-9b02-75fe6bdfacad","modified":1512147911221,"file_url":"https://greasyfork.org/scripts/3452-v2ex%E5%A2%9E%E5%BC%BA%E6%8F%92%E4%BB%B6/code/V2EX%E5%A2%9E%E5%BC%BA%E6%8F%92%E4%BB%B6.user.js"}}