{"options":{"check_for_updates":true,"comment":null,"compatopts_for_requires":true,"compat_wrappedjsobject":true,"compat_metadata":false,"compat_foreach":false,"compat_arrayleft":false,"compat_uW_gmonkey":false,"compat_forvarin":false,"noframes":null,"awareOfChrome":false,"run_at":null,"override":{"use_includes":[],"orig_includes":["http://www.weibo.com/*","http://weibo.com/*","http://d.weibo.com/*","http://s.weibo.com/*","https://www.weibo.com/*","https://weibo.com/*","https://d.weibo.com/*","https://s.weibo.com/*"],"merge_includes":true,"use_matches":[],"orig_matches":[],"merge_matches":true,"use_excludes":[],"orig_excludes":["http://weibo.com/a/bind/*","http://weibo.com/nguide/*","http://weibo.com/","https://weibo.com/a/bind/*","https://weibo.com/nguide/*","https://weibo.com/"],"merge_excludes":true,"use_connects":[],"merge_connects":true,"use_blockers":[],"orig_run_at":"document-start","orig_noframes":null,"orig_connects":["weibo.com","www.weibo.com","s.weibo.com","video.weibo.com","t.cn","www.miaopai.com","ent.v.sina.cn","sinaimg.cn"]}},"settings":{"enabled":true,"position":78},"meta":{"name":"Yet Another Weibo Filter","uuid":"cc716637-e525-4386-8cee-bf1421f6268f","modified":1515600615492,"file_url":"https://tiansh.github.io/yawf/Yet_Another_Weibo_Filter.user.js"}}