{"options":{"check_for_updates":true,"comment":null,"compatopts_for_requires":true,"compat_wrappedjsobject":false,"compat_metadata":false,"compat_foreach":false,"compat_arrayleft":false,"compat_uW_gmonkey":false,"compat_forvarin":false,"noframes":null,"awareOfChrome":false,"run_at":null,"override":{"use_includes":[],"orig_includes":["http://*.youtube.com/*","https://*.youtube.com/*","http://youtube.com/*","https://youtube.com/*","*//*.youtube.com/tv*"],"merge_includes":true,"use_matches":[],"orig_matches":[],"merge_matches":true,"use_excludes":[],"orig_excludes":[],"merge_excludes":true,"use_connects":[],"merge_connects":true,"use_blockers":[],"orig_run_at":"document-idle","orig_noframes":true,"orig_connects":[]}},"settings":{"enabled":true,"position":80},"meta":{"name":"YouScrobbler","uuid":"b9c2e0c0-3186-4fb8-9739-500310da822c","modified":1512223896678,"file_url":"https://raw.githubusercontent.com/floblik/YouScrobbler/master/youscrobbler.user.js"}}