{"ts":1515891827619,"data":{"us_last_update":"s1515891827619","us_boxPosition":"s1050;70","us_color":"sred","database.id":"s","database.artist":"s","database.track":"s","database_additional.id":"s","database_additional.albumtitle":"s","database_additional.mbid":"s","database.maxEntries":"n5000","scrobble_at":"n75","us_autoscrobble_active":"n1","asFailNotification":"bfalse","scrobblingNotification":"btrue","us_autocorrect_tracks":"btrue","us_local_version":"s1.4.7","us_username":"sbootislands","us_sessionKey":"sGRjf28Tp1Mnj6Z1dZRf0WvQVvuwgyp-j"}}