{"options":{"check_for_updates":true,"comment":null,"compatopts_for_requires":true,"compat_wrappedjsobject":false,"compat_metadata":false,"compat_foreach":false,"compat_arrayleft":false,"compat_uW_gmonkey":false,"compat_forvarin":false,"noframes":null,"awareOfChrome":false,"run_at":null,"override":{"use_includes":[],"orig_includes":["*/viewthread.php*","*/thread*","*/redirect.php*","*/forum-redirect-tid*","*/forum-viewthread-tid*","*/forum.php?mod=viewthread*","*/forum.php?mod=forumdisplay*","*/forum-*.html"],"merge_includes":true,"use_matches":[],"orig_matches":[],"merge_matches":true,"use_excludes":[],"orig_excludes":["*readfree.net/bbs/forum.php?mod=forumdisplay&fid=121*"],"merge_excludes":true,"use_connects":[],"merge_connects":true,"use_blockers":[],"orig_run_at":"document-idle","orig_noframes":null,"orig_connects":[]}},"settings":{"enabled":true,"position":41},"meta":{"name":"• Discuz论坛 基于ID/标题关键词 屏蔽帖子","uuid":"93e0d697-8a88-4f57-9e30-830866fd1455","modified":1513169291061}}