{"options":{"check_for_updates":true,"comment":null,"compatopts_for_requires":true,"compat_wrappedjsobject":false,"compat_metadata":false,"compat_foreach":false,"compat_arrayleft":false,"compat_uW_gmonkey":false,"compat_forvarin":false,"noframes":null,"awareOfChrome":false,"run_at":null,"override":{"use_includes":[],"orig_includes":["*tushuku.net/plugin.php?id=dsu_paulsign:sign*","*eshuyuan.net/plugin.php?id=dsu_paulsign:sign*","/^https?://[^\\/]+/plugin.php?id=mpage_sign:sign.*/"],"merge_includes":true,"use_matches":[],"orig_matches":[],"merge_matches":true,"use_excludes":[],"orig_excludes":[],"merge_excludes":true,"use_connects":[],"merge_connects":true,"use_blockers":[],"orig_run_at":"document-idle","orig_noframes":null,"orig_connects":[]}},"settings":{"enabled":true,"position":42},"meta":{"name":"• Disucz论坛 自动签到","uuid":"4991962b-d155-4332-9690-a85580054693","modified":1511042263618}}