{"options":{"check_for_updates":true,"comment":null,"compatopts_for_requires":true,"compat_wrappedjsobject":false,"compat_metadata":false,"compat_foreach":false,"compat_arrayleft":false,"compat_uW_gmonkey":false,"compat_forvarin":false,"noframes":null,"awareOfChrome":false,"run_at":null,"override":{"use_includes":[],"orig_includes":[],"merge_includes":true,"use_matches":[],"orig_matches":["https://movie.douban.com/subject/*"],"merge_matches":true,"use_excludes":[],"orig_excludes":[],"merge_excludes":true,"use_connects":[],"merge_connects":true,"use_blockers":[],"orig_run_at":"document-idle","orig_noframes":null,"orig_connects":["mp4ba.com","4567.tv"]}},"settings":{"enabled":true,"position":28},"meta":{"name":"• 豆瓣电影 显示下载链接 (自己修改版)","uuid":"36c74331-6528-4b31-9b69-9c55c45e0a4b","modified":1515725323752}}