{"options":{"check_for_updates":true,"comment":null,"compatopts_for_requires":true,"compat_wrappedjsobject":false,"compat_metadata":false,"compat_foreach":false,"compat_arrayleft":false,"compat_uW_gmonkey":false,"compat_forvarin":false,"noframes":null,"awareOfChrome":false,"run_at":null,"override":{"use_includes":[],"orig_includes":["*://tieba.baidu.com/p/*","*://tieba.baidu.com/f?ct*"],"merge_includes":true,"use_matches":[],"orig_matches":[],"merge_matches":true,"use_excludes":[],"orig_excludes":[],"merge_excludes":true,"use_connects":[],"merge_connects":true,"use_blockers":[],"orig_run_at":"document-end","orig_noframes":null,"orig_connects":[]}},"settings":{"enabled":true,"position":81},"meta":{"name":"• 百度贴吧不可能会跳转！","uuid":"b5119220-cc06-49d9-9a47-254d14140e73","modified":1512150579122}}