{"options":{"check_for_updates":true,"comment":null,"compatopts_for_requires":true,"compat_wrappedjsobject":false,"compat_metadata":false,"compat_foreach":false,"compat_arrayleft":false,"compat_uW_gmonkey":false,"compat_forvarin":false,"noframes":null,"awareOfChrome":false,"run_at":null,"override":{"use_includes":[],"orig_includes":["*/viewthread.php*","*/thread*","*/redirect.php*","*/forum-redirect-tid*","*/forum-viewthread-tid*","*/forum.php?mod=viewthread*","*/forum.php?mod=forumdisplay*","*/forum-*.html","http://www.shinybbs.com/*","http://www.dszw.net/"],"merge_includes":true,"use_matches":[],"orig_matches":[],"merge_matches":true,"use_excludes":[],"orig_excludes":[],"merge_excludes":true,"use_connects":[],"merge_connects":true,"use_blockers":[],"orig_run_at":"document-idle","orig_noframes":null,"orig_connects":[]}},"settings":{"enabled":true,"position":23},"meta":{"name":"• disable notify (discuz标题的 新提醒)","uuid":"2b135bb5-9f34-450c-b5a4-0af90e9a0066","modified":1515423434708}}