{"options":{"check_for_updates":true,"comment":null,"compatopts_for_requires":true,"compat_wrappedjsobject":false,"compat_metadata":false,"compat_foreach":false,"compat_arrayleft":false,"compat_uW_gmonkey":false,"compat_forvarin":false,"noframes":null,"awareOfChrome":false,"run_at":null,"override":{"use_includes":[],"orig_includes":["http*://www.bilibili.com/video/av*","http*://www.bilibili.com/watchlater/*","http*://www.bilibili.com/bangumi/play/ep*","http*://www.bilibili.com/bangumi/play/ss*","http*://bangumi.bilibili.com/anime/*/play*","http*://bangumi.bilibili.com/movie/*"],"merge_includes":true,"use_matches":[],"orig_matches":[],"merge_matches":true,"use_excludes":[],"orig_excludes":["http*://bangumi.bilibili.com/movie/"],"merge_excludes":true,"use_connects":[],"merge_connects":true,"use_blockers":[],"orig_run_at":"document-end","orig_noframes":null,"orig_connects":[]}},"settings":{"enabled":true,"position":95},"meta":{"name":"哔哩哔哩（bilibili.com）播放器调整","uuid":"7de83882-85a8-4c84-a966-76821885a3b2","modified":1516093744787,"file_url":"https://greasyfork.org/scripts/21284-%E5%93%94%E5%93%A9%E5%93%94%E5%93%A9-bilibili-com-%E6%92%AD%E6%94%BE%E5%99%A8%E8%B0%83%E6%95%B4/code/%E5%93%94%E5%93%A9%E5%93%94%E5%93%A9%EF%BC%88bilibilicom%EF%BC%89%E6%92%AD%E6%94%BE%E5%99%A8%E8%B0%83%E6%95%B4.user.js"}}