{"options":{"check_for_updates":true,"comment":null,"compatopts_for_requires":true,"compat_wrappedjsobject":false,"compat_metadata":false,"compat_foreach":false,"compat_arrayleft":false,"compat_uW_gmonkey":false,"compat_forvarin":false,"noframes":null,"awareOfChrome":false,"run_at":null,"override":{"use_includes":[],"orig_includes":[],"merge_includes":true,"use_matches":[],"orig_matches":["*://*.douyu.com/*"],"merge_matches":true,"use_excludes":[],"orig_excludes":[],"merge_excludes":true,"use_connects":[],"merge_connects":true,"use_blockers":[],"orig_run_at":"document_end","orig_noframes":null,"orig_connects":[]}},"settings":{"enabled":true,"position":82},"meta":{"name":"斗鱼HTML5播放器","uuid":"ea5def20-323d-4bed-8a80-cc53b32f578c","modified":1512150333000,"file_url":"https://greasyfork.org/scripts/26901-%E6%96%97%E9%B1%BChtml5%E6%92%AD%E6%94%BE%E5%99%A8/code/%E6%96%97%E9%B1%BCHTML5%E6%92%AD%E6%94%BE%E5%99%A8.user.js"}}