{"options":{"check_for_updates":true,"comment":null,"compatopts_for_requires":true,"compat_wrappedjsobject":false,"compat_metadata":false,"compat_foreach":false,"compat_arrayleft":false,"compat_uW_gmonkey":false,"compat_forvarin":false,"noframes":null,"awareOfChrome":false,"run_at":null,"override":{"use_includes":[],"orig_includes":["https://*/*"],"merge_includes":true,"use_matches":[],"orig_matches":["http://*/*"],"merge_matches":true,"use_excludes":[],"orig_excludes":[],"merge_excludes":true,"use_connects":[],"merge_connects":true,"use_blockers":[],"orig_run_at":"document-end","orig_noframes":null,"orig_connects":["dict.youdao.com","translate.google.cn"]}},"settings":{"enabled":true,"position":109},"meta":{"name":"智能划词翻译","uuid":"b3bc61be-f244-46dd-882a-6b795bfadccd","modified":1516094128094,"file_url":"https://greasyfork.org/scripts/35251-%E6%99%BA%E8%83%BD%E5%88%92%E8%AF%8D%E7%BF%BB%E8%AF%91/code/%E6%99%BA%E8%83%BD%E5%88%92%E8%AF%8D%E7%BF%BB%E8%AF%91.user.js"}}