{"options":{"check_for_updates":true,"comment":null,"compatopts_for_requires":true,"compat_wrappedjsobject":false,"compat_metadata":false,"compat_foreach":false,"compat_arrayleft":false,"compat_uW_gmonkey":false,"compat_forvarin":false,"noframes":null,"awareOfChrome":false,"run_at":null,"override":{"use_includes":[],"orig_includes":["*://www.panda.tv/*"],"merge_includes":true,"use_matches":[],"orig_matches":["http://www.panda.tv/*"],"merge_matches":true,"use_excludes":[],"orig_excludes":[],"merge_excludes":true,"use_connects":[],"merge_connects":true,"use_blockers":[],"orig_run_at":"document-idle","orig_noframes":null,"orig_connects":[]}},"settings":{"enabled":true,"position":13},"meta":{"name":"熊猫TV不用登录就可以一直看超清啦 H5播放器","uuid":"b45f4024-0307-4de5-b48c-1f50fc447e3d","modified":1511039457130,"file_url":"https://greasyfork.org/scripts/30041-%E7%86%8A%E7%8C%ABtv%E4%B8%8D%E7%94%A8%E7%99%BB%E5%BD%95%E5%B0%B1%E5%8F%AF%E4%BB%A5%E4%B8%80%E7%9B%B4%E7%9C%8B%E8%B6%85%E6%B8%85%E5%95%A6-h5%E6%92%AD%E6%94%BE%E5%99%A8/code/%E7%86%8A%E7%8C%ABTV%E4%B8%8D%E7%94%A8%E7%99%BB%E5%BD%95%E5%B0%B1%E5%8F%AF%E4%BB%A5%E4%B8%80%E7%9B%B4%E7%9C%8B%E8%B6%85%E6%B8%85%E5%95%A6%20H5%E6%92%AD%E6%94%BE%E5%99%A8.user.js"}}