{"options":{"check_for_updates":true,"comment":null,"compatopts_for_requires":true,"compat_wrappedjsobject":false,"compat_metadata":false,"compat_foreach":false,"compat_arrayleft":false,"compat_uW_gmonkey":false,"compat_forvarin":false,"noframes":null,"awareOfChrome":false,"run_at":null,"override":{"use_includes":[],"orig_includes":[],"merge_includes":true,"use_matches":[],"orig_matches":["*://*.iqiyi.com/*","*://*.youku.com/*","*://*.le.com/*","*://*.letv.com/*","*://v.qq.com/*","*://*.tudou.com/*","*://*.mgtv.com/*","*://film.sohu.com/*","*://tv.sohu.com/*","*://*.acfun.cn/v/*","*://*.bilibili.com/*","*://vip.1905.com/play/*","*://*.pptv.com/*","*://v.yinyuetai.com/video/*","*://v.yinyuetai.com/playlist/*","*://*.fun.tv/vplay/*","*://*.wasu.cn/Play/show/*","*://*.56.com/*"],"merge_matches":true,"use_excludes":[],"orig_excludes":["*://*.bilibili.com/blackboard/*"],"merge_excludes":true,"use_connects":[],"merge_connects":true,"use_blockers":[],"orig_run_at":"document-idle","orig_noframes":true,"orig_connects":[]}},"settings":{"enabled":true,"position":83},"meta":{"name":"破解VIP会员视频集合","uuid":"1012aedc-498c-4219-ac6f-1e961630617a","modified":1515252350181,"file_url":"https://greasyfork.org/scripts/27530-%E7%A0%B4%E8%A7%A3vip%E4%BC%9A%E5%91%98%E8%A7%86%E9%A2%91%E9%9B%86%E5%90%88/code/%E7%A0%B4%E8%A7%A3VIP%E4%BC%9A%E5%91%98%E8%A7%86%E9%A2%91%E9%9B%86%E5%90%88.user.js"}}