{"options":{"check_for_updates":true,"comment":null,"compatopts_for_requires":true,"compat_wrappedjsobject":false,"compat_metadata":false,"compat_foreach":false,"compat_arrayleft":false,"compat_uW_gmonkey":false,"compat_forvarin":false,"noframes":null,"awareOfChrome":false,"run_at":null,"override":{"use_includes":[],"orig_includes":["http://music.163.com/#*","http://music.163.com/","http://music.163.com/?*"],"merge_includes":true,"use_matches":[],"orig_matches":[],"merge_matches":true,"use_excludes":[],"orig_excludes":[],"merge_excludes":true,"use_connects":[],"merge_connects":true,"use_blockers":[],"orig_run_at":"document-idle","orig_noframes":null,"orig_connects":[]}},"settings":{"enabled":true,"position":92},"meta":{"name":"网易云音乐 scrobbler","uuid":"60940374-812a-4221-a1fb-3446f951f2df","modified":1512152324802,"file_url":"https://justan.github.io/gmscrobber/scrobblers/163_music_scrobbler.user.js"}}