{"options":{"check_for_updates":true,"comment":null,"compatopts_for_requires":true,"compat_wrappedjsobject":true,"compat_metadata":false,"compat_foreach":false,"compat_arrayleft":false,"compat_uW_gmonkey":false,"compat_forvarin":false,"noframes":null,"awareOfChrome":false,"run_at":null,"override":{"use_includes":[],"orig_includes":["http*://music.163.com/*"],"merge_includes":true,"use_matches":[],"orig_matches":[],"merge_matches":true,"use_excludes":[],"orig_excludes":[],"merge_excludes":true,"use_connects":[],"merge_connects":true,"use_blockers":[],"orig_run_at":"document-idle","orig_noframes":null,"orig_connects":[]}},"settings":{"enabled":true,"position":11},"meta":{"name":"网易云下载","uuid":"a43c8031-41eb-4742-bb4f-9f8d6eda84d5","modified":1511039267183,"file_url":"https://greasyfork.org/scripts/23222-%E7%BD%91%E6%98%93%E4%BA%91%E4%B8%8B%E8%BD%BD/code/%E7%BD%91%E6%98%93%E4%BA%91%E4%B8%8B%E8%BD%BD.user.js"}}