{"ts":1516208886868,"data":{"CatPW_Manage":"o{\"StorageSave\":true,\"StorageExp\":7,\"UpdataConfig\":{\"UpdataSave\":true,\"UpdataNotify\":true,\"UpdataPlugin\":true,\"UpdataVersion\":\"3.4.5\"}}","CatPW":"o{\"date\":\"2018/1/18\",\"sCode\":\"\",\"Src\":\"https://pan.baidu.com/disk/home#dir/path=%2F1%E3%80%81%E6%88%91%E7%9A%84%E8%B5%84%E6%BA%90%2F%E4%BA%91%E7%AB%AFonly%2FTV\",\"Hash\":\"#dir/path=%2F1%E3%80%81%E6%88%91%E7%9A%84%E8%B5%84%E6%BA%90%2F%E4%BA%91%E7%AB%AFonly%2FTV\",\"webSrc\":\"https%3A%2F%2Fyun.baidu.com%2Fs%2F1i3eGjhb%23list%2Fpath%3D%252F\",\"webTitle\":\"Freaks%26geeks_%E5%85%8D%E8%B4%B9%E9%AB%98%E9%80%9F%E4%B8%8B%E8%BD%BD%7C%E7%99%BE%E5%BA%A6%E7%BD%91%E7%9B%98-%E5%88%86%E4%BA%AB%E6%97%A0%E9%99%90%E5%88%B6\",\"unPW\":\"%2Futil%2FpwdDialog.css%22%3A%7B%22url%22%3A%22%2Fbox-static%2Ffunction-widget-1%2Fpassword%2Futil%2FpwdDialog_77cf3cf.css%22%2C%22pkg%22%3A%22function-widget-1%3Ap14%22%7D%2C%22function-widget-1%3Apassword%2Fcontext.js%22%3A%7B%22url%22%3A%22%2Fbox-static%2Ffunction-widget-1%2Fpassword%2Fcontext_4b3b050.js%22%2C%22pkg%22%3A%22function-widget-1%3Ap13%22%2C%22deps%22%3A%5B%22function-widget-1%3Apassword%2Flog.js%22%5D%7D%2C%22function-widget-1%3Apassword%2Futil%2FpwdAPI.js%22%3A%7B%22url%22%3A%22%2Fbox-static%2Ffunction-widget-1%2Fpassword%2Futil%2FpwdAPI_bd6240c.js%22%2C%22pkg%22%3A%22function-widget-1%3Ap13%22%7D%2C%22function-widget-1%3Apassword%2Futil%2FpwdVerify.js%22%3A%7B%22url%22%3A%22%2Fbox-static%2Ffunction-widget-1%2Fpassword%2Futil%2FpwdVerify_e6c33e1.js%22%2C%22pkg%22%3A%22function-widget-1%3Ap13%22%2C%22deps%22%3A%5B%22base%3Awidget%2Flibs%2Fjquerypacket.js%22%2C%22function-widget-1%3Apassword%2Futil%2FpwdAPI.js%22%2C%22function-widget-1%3Apassword%2Fcontext.js%22%5D%7D%2C%22function-widget-1%3Apassword%2Futil%2FpwdInit.js%22%3A%7B%22url%22%3A%22%2Fbox-static%2Ffunction-widget-1%2Fpassword%2Futil%2FpwdInit_5c5d7c5.js%22%2C%22pkg%22%3A%22function-widget-1%3Ap13%22%2C%22deps%22%3A%5B%22base%3Awidget%2Flibs%2Fjquerypacket.js%22%2C%22function-widget-1%3Apassword%2Futil%2FpwdAPI.js%22%2C%22function-widget-1%3Apassword%2Fcontext.js%22%2C%22base%3Awidget%2Fstorage%2Fstorage.js%22%5D%7D%2C%22function-widget-1%3Apassword%2Flog.js%22%3A%7B%22url%22%3A%22%2Fbox-static%2Ffunction-widget-1%2Fpassword%2Flog_4648642.js%22%2C%22pkg%22%3A%22function-widget-1%3Ap13%22%7D%2C%22function-widget-1%3Apassword%2Futil%2FpwdDialog.js%22%3A%7B%22url%22%3A%22%2Fbox-static%2Ffunction-widget-1%2Fpassword%2Futil%2FpwdDialog_00281cb.js%22%2C%22pkg%22%3A%22function-widget-1%3Ap13%22%2C%22deps%22%3A%5B%22base%3Awidget%2Flibs%2Fjquerypacket.js%22%2C%22function-widget-1%3Apassword%2Fcontext.js%22%2C%22system-core%3Asystem%2FuiService%2Fdialog%2Fdialog.js%22%2C%22function-widget-1%3Apassword%2Futil%2FpwdInit.js%22%2C%22function-widget-1%3Apassword%2Futil%2FpwdVerify.js%22%2C%22function-widget-1%3Apassword%2Futil%2FpwdAPI.js%22%2C%22base%3Awidget%2Fstorage%2Fstorage.js%22%2C%22function-widget-1%3Apassword%2Futil%2FpwdDialog.css%22%5D%7D%2C%22function-widget-1%3Apassword%2Fstart.js%22%3A%7B%22url%22%3A%22%2Fbox-static%2Ffunction-widget-1%2Fpassword%2Fstart_332c82e.js%22%2C%22pkg%22%3A%22function-widget-1%3Ap13%22%2C%22deps%22%3A%5B%22function-widget-1%3Apassword%2Fcontext.js%22%2C%22function-widget-1%3Apassword%2Futil%2FpwdDialog.js%22%5D%7D%2C%22function-widget-1%3Aprint%2Futil%2FfileCloudPrint.css%22%3A%7B%22url%22%3A%22%2Fbox-static%2Ffunction-widget-1%2Fprint%2Futil%2FfileCloudPrint_bf26631.css%22%2C%22pkg%22%3A%22function-widget-1%3Ap16%22%7D%2C%22function-widget-1%3Aprint%2Fcontext.js%22%3A%7B%22url%22%3A%22%2Fbox-static%2Ffunction-widget-1%2Fprint%2Fcontext_93f71a6.js%22%2C%22pkg%22%3A%22function-widget-1%3Ap15%22%7D%2C%22function-widget-1%3Aprint%2Futil%2FfileCloudPrint.js%22%3A%7B%22url%22%3A%22%2Fbox-static%2Ffunction-widget-1%2Fprint%2Futil%2FfileCloudPrint_1605858.js%22%2C%22pkg%22%3A%22function-widget-1%3Ap15%22%2C%22deps%22%3A%5B%22base%3Awidget%2Flibs%2Fjquerypacket.js%22%2C%22function-widget-1%3Aprint%2Fcontext.js%22%2C%22disk-system%3Awidget%2Fsystem%2FfileService%2FfileManagerApi%2FfileManagerApi.js%22%2C%22function-widget-1%3Aprint%2Futil%2FfileCloudPrint.css%22%5D%7D%2C%22function-widget-1%3Aprint%2Fstart.js%22%3A%7B%22url%22%3A%22%2Fbox-static%2Ffunction-widget-1%2Fprint%2Fstart_cfa8e13.js%22%2C%22pkg%22%3A%22function-widget-1%3Ap15%22%2C%22deps%22%3A%5B%22function-widget-1%3Aprint%2Futil%2FfileCloudPrint.js%22%2C%22function-widget-1%3Aprint%2Fcontext.js%22%5D%7D%2C%22function-widget-1%3AqrCode%2Fcontext.js%22%3A%7B%22url%22%3A%22%2Fbox-static%2Ffunction-widget-1%2FqrCode%2Fcontext_8b758ed.js%22%2C%22pkg%22%3A%22function-widget-1%3Ap17%22%2C%22deps%22%3A%5B%22function-widget-1%3AqrCode%2Flog.js%22%5D%7D%2C%22function-widget-1%3AqrCode%2Flog.js%22%3A%7B%22url%22%3A%22%2Fbox-static%2Ffunction-widget-1%2FqrCode%2Flog_26a96c7.js%22%2C%22pkg%22%3A%22function-widget-1%3Ap17%22%7D%2C%22function-widget-1%3AqrCode%2FqrCode.js%22%3A%7B%22url%22%3A%22%2Fbox-static%2Ffunction-widget-1%2FqrCode%2FqrCode_a0ad455.js%22%2C%22pkg%22%3A%22function-widget-1%3Ap17%22%2C%22deps%22%3A%5B%22base%3Awidget%2Flibs%2Fjquerypacket.js%22%2C%22base%3Awidget%2Flibs%2Funderscore.js%22%2C%22function-widget-1%3AqrCode%2Fcontext.js%22%5D%7D%2C%22function-widget-1%3AqrCode%2Fstart.js%22%3A%7B%22url%22%3A%22%2Fbox-static%2Ffunction-widget-1%2FqrCode%2Fstart_43a6489.js%22%2C%22pkg%22%3A%22function-widget-1%3Ap17%22%2C%22deps%22%3A%5B%22function-widget-1%3AqrCode%2Fcontext.js%22%2C%22function-widget-1%3AqrCode%2FqrCode.js%22%5D%7D%2C%22function-widget-1%3Arecyclebin%2Fstart.js%22%3A%7B%22url%22%3A%22%2Fbox-static%2Ffunction-widget-1%2Frecyclebin%2Fstart_baeddc5.js%22%2C%22pkg%22%3A%22function-widget-1%3Ap19%22%7D%2C%22function-widget-1%3Ashare%2Futil%2Fcss%2FshareNameInput.css%22%3A%7B%22url%22%3A%22%2Fbox-static%2Ffunction-widget-1%2Fshare%2Futil%2Fcss%2FshareNameInput_74f13fd.css%22%2C%22pkg%22%3A%22function-widget-1%3Ap21%22%7D%2C%22function-widget-1%3Ashare%2Futil%2Fcss%2FshareFriendSearchNew.css%22%3A%7B%22url%22%3A%22%2Fbox-static%2Ffunction-widget-1%2Fshare%2Futil%2Fcss%2FshareFriendSearchNew_4c31cf4.css%22%2C%22pkg%22%3A%22function-widget-1%3Ap21%22%7D%2C%22function-widget-1%3Ashare%2Futil%2Fcss%2FshareFriendSearch.css%22%3A%7B%22url%22%3A%22%2Fbox-static%2Ffunction-widget-1%2Fshare%2Futil%2Fcss%2FshareFriendSearch_2fe02f7.css%22%2C%22pkg%22%3A%22function-widget-1%3Ap21%22%7D%2C%22function-widget-1%3Ashare%2Futil%2Fcss%2FshareFriend.css%22%3A%7B%22url%22%3A%22%2Fbox-static%2Ffunction-widget-1%2Fshare%2Futil%2Fcss%2FshareFriend_cd3b7e9.css%22%2C%22pkg%22%3A%22function-widget-1%3Ap21%22%7D%2C%22function-widget-1%3Ashare%2Futil%2Fcss%2FshareDialog.css%22%3A%7B%22url%22%3A%22%2Fbox-static%2Ffunction-widget-1%2Fshare%2Futil%2Fcss%2FshareDialog_4e30ba7.css%22%2C%22pkg%22%3A%22function-widget-1%3Ap21%22%7D%2C%22function-widget-1%3Ashare%2Futil%2Fcss%2FgroupList.css%22%3A%7B%22url%22%3A%22%2Fbox-static%2Ffunction-widget-1%2Fshare%2Futil%2Fcss%2FgroupList_c1d8536.css%22%2C%22pkg%22%3A%22function-widget-1%3Ap21%22%7D%2C%22function-widget-1%3Ashare%2Futil%2Fcss%2FcreateSnsShare.css%22%3A%7B%22url%22%3A%22%2Fbox-static%2Ffunction-widget-1%2Fshare%2Futil%2Fcss%2FcreateSnsShare_41aab47.css%22%2C%22pkg%22%3A%22function-widget-1%3Ap21%22%7D%2C%22function-widget-1%3Ashare%2Futil%2Fcss%2FcreateLinkShare.css%22%3A%7B%22url%22%3A%22%2Fbox-static%2Ffunction-widget-1%2Fshare%2Futil%2Fcss%2FcreateLinkShare_c5936ee.css%22%2C%22pkg%22%3A%22function-widget-1%3Ap21%22%7D%2C%22function-widget-1%3AshareDir%2Futil%2FdialogControl%2FdialogCommon.less%22%3A%7B%22url%22%3A%22%2Fbox-static%2Ffunction-widget-1%2FshareDir%2Futil%2FdialogControl%2FdialogCommon_1483e39.css%22%7D%2C%22function-widget-1%3AshareDirDetail%2Fcss%2FshareDirDetail.less%22%3A%7B%22url%22%3A%22%2Fbox-static%2Ffunction-widget-1%2FshareDirDetail%2Fcss%2FshareDirDetail_ada68ea.css%22%7D%2C%22function-widget-1%3AshareDirDetail%2Futil%2Futil.js%22%3A%7B%22url%22%3A%22%2Fbox-static%2Ffunction-widget-1%2FshareDirDetail%2Futil%2Futil_70fa008.js%22%2C%22pkg%22%3A%22function-widget-1%3Ap23%22%7D%2C%22function-widget-1%3AshareDirDetail%2Fcontext.js%22%3A%7B%22url%22%3A%22%2Fbox-static%2Ffunction-widget-1%2FshareDirDetail%2Fcontext_f94ceda.js%22%2C%22pkg%22%3A%22function-widget-1%3Ap23%22%7D%2C%22function-widget-1%3AshareDirDetail%2Futil%2FoperRecord%2FoperRecord.js%22%3A%7B%22url%22%3A%22%2Fbox-static%2Ffunction-widget-1%2FshareDirDetail%2Futil%2FoperRecord%2FoperRecord_e5a3b83.js%22%2C%22pkg%22%3A%22function-widget-1%3Ap23%22%2C%22deps%22%3A%5B%22base%3Awidget%2Flibs%2Fjquerypacket.js%22%2C%22base%3Awidget%2Flibs%2Funderscore.js%22%2C%22function-widget-1%3AshareDirDetail%2Fcontext.js%22%2C%22function-widget-1%3AshareDirDetail%2Futil%2Futil.js%22%5D%7D%2C%22function-widget-1%3AshareDirDetail%2Futil%2FdirDetail%2FdirDetail.js%22%3A%7B%22url%22%3A%22%2Fbox-static%2Ffunction-widget-1%2FshareDirDetail%2Futil%2FdirDetail%2FdirDetail_856d267.js%22%2C%22pkg%22%3A%22function-widget-1%3Ap23%22%2C%22deps%22%3A%5B%22base%3Awidget%2Flibs%2Fjquerypacket.js%22%2C%22base%3Awidget%2Flibs%2Funderscore.js%22%2C%22function-widget-1%3AshareDirDetail%2Fcontext.js%22%2C%22base%3Awidget%2Ftools%2Ftools.js%22%2C%22base%3Awidget%2FhistoryManager%2FhistoryManager.js%22%2C%22function-widget-1%3AshareDirDetail%2Futil%2Futil.js%22%5D%7D%2C%22function-widget-1%3AshareDirDetail%2Futil%2Fbuild.js%22%3A%7B%22url%22%3A%22%2Fbox-static%2Ffunction-widget-1%2FshareDirDetail%2Futil%2Fbuild_2679dcb.js%22%2C%22pkg%22%3A%22function-widget-1%3Ap23%22%2C%22deps%22%3A%5B%22base%3Awidget%2Flibs%2Fjquerypacket.js%22%2C%22base%3Awidget%2Flibs%2Funderscore.js%22%2C%22function-widget-1%3AshareDirDetail%2Fcontext.js%22%2C%22function-widget-1%3AshareDirDetail%2Futil%2FdirDetail%2FdirDetail.js%22%2C%22function-widget-1%3AshareDirDetail%2Futil%2FoperRecord%2FoperRecord.js%22%5D%7D%2C%22function-widget-1%3AshareDirDetail%2Fstart.js%22%3A%7B%22url%22%3A%22%2Fbox-static%2Ffunction-widget-1%2FshareDirDetail%2Fstart_79a5f6f.js%22%2C%22pkg%22%3A%22function-widget-1%3Ap23%22%2C%22deps%22%3A%5B%22function-widget-1%3AshareDirDetail%2Fcontext.js%22%2C%22function-widget-1%3AshareDirDetail%2Futil%2Fbuild.js%22%5D%7D%2C%22disk-share%3Astatic%2Fjs%2Fbaidu-tongji.js%22%3A%7B%22url%22%3A%22%2Fbox-static%2Fdisk-share%2Fjs%2Fbaidu-tongji_e4c4829.js%22%7D%7D%2C%22pkg%22%3A%7B%22disk-share%3Ap7%22%3A%7B%22url%22%3A%22%2Fbox-static%2Fdisk-share%2Fpkg%2Fplugin_f0fb892.css%22%7D%2C%22disk-share%3Ap6%22%3A%7B%22url%22%3A%22%2Fbox-static%2Fdisk-share%2Fpkg%2Fplugin-file_c708ccb.js%22%7D%2C%22disk-share%3Ap4%22%3A%7B%22url%22%3A%22%2Fbox-static%2Fdisk-share%2Fpkg%2Fplugin-header_d2ace6d.js%22%7D%2C%22disk-share%3Ap1%22%3A%7B%22url%22%3A%22%2Fbox-static%2Fdisk-share%2Fpkg%2Fsystem-ui_6bedf5d.css%22%7D%2C%22disk-share%3Ap0%22%3A%7B%22url%22%3A%22%2Fbox-static%2Fdisk-share%2Fpkg%2Fsystem-ui_e89602e.js%22%7D%2C%22file-widget-1%3Ap4%22%3A%7B%22url%22%3A%22%2Fbox-static%2Ffile-widget-1%2Fpkg%2Fbt-all_427448b.css%22%7D%2C%22file-widget-1%3Ap3%22%3A%7B%22url%22%3A%22%2Fbox-static%2Ffile-widget-1%2Fpkg%2Fbt-all_fa7738b.js%22%7D%2C%22file-widget-1%3Ap5%22%3A%7B%22url%22%3A%22%2Fbox-static%2Ffile-widget-1%2Fpkg%2Fcad-all_9d447db.js%22%7D%2C%22file-widget-1%3Ap7%22%3A%7B%22url%22%3A%22%2Fbox-static%2Ffile-widget-1%2Fpkg%2FcodeReader-all_76c6000.css%22%7D%2C%22file-widget-1%3Ap21%22%3A%7B%22url%22%3A%22%2Fbox-static%2Ffile-widget-1%2Fpkg%2Fzip-all_1742273.js%22%7D%2C%22disk-system%3Ap17%22%3A%7B%22url%22%3A%22%2Fbox-static%2Fdisk-system%2Fpkg%2Fall_3c49f77.css%22%7D%2C%22disk-system%3Ap11%22%3A%7B%22url%22%3A%22%2Fbox-static%2Fdisk-system%2Fpkg%2Fhome-all_465d3a0.css%22%7D%2C%22disk-system%3Ap16%22%3A%7B%22url%22%3A%22%2Fbox-static%2Fdisk-system%2Fpkg%2Fcommon-chunks-all_0bf8925.js%22%7D%2C%22file-widget-1%3Ap2%22%3A%7B%22url%22%3A%22%2Fbox-static%2Ffile-widget-1%2Fpkg%2Fasync-all_42f172d.js%22%7D%2C%22file-widget-1%3Ap0%22%3A%7B%22url%22%3A%22%2Fbox-static%2Ffile-widget-1%2Fpkg%2Fsync-all_1f83641.js%22%7D%2C%22file-widget-1%3Ap6%22%3A%7B%22url%22%3A%22%2Fbox-static%2Ffile-widget-1%2Fpkg%2FcodeReader-all_791fbae.js%22%7D%2C%22file-widget-1%3Ap9%22%3A%7B%22url%22%3A%22%2Fbox-static%2Ffile-widget-1%2Fpkg%2Fdoc-all_630451b.css%22%7D%2C%22file-widget-1%3Ap8%22%3A%7B%22url%22%3A%22%2Fbox-static%2Ffile-widget-1%2Fpkg%2Fdoc-all_55d440f.js%22%7D%2C%22file-widget-1%3Ap1%22%3A%7B%22url%22%3A%22%2Fbox-static%2Ffile-widget-1%2Fpkg%2Fsync-all_1d34eac.css%22%7D%2C%22file-widget-1%3Ap10%22%3A%7B%22url%22%3A%22%2Fbox-static%2Ffile-widget-1%2Fpkg%2FfileSelector-all_7f3197d.js%22%7D%2C%22file-widget-1%3Ap12%22%3A%7B%22url%22%3A%22%2Fbox-static%2Ffile-widget-1%2Fpkg%2Fimage-all_ddb7309.css%22%7D%2C%22service-widget-1%3Ap0%22%3A%7B%22url%22%3A%22%2Fbox-static%2Fservice-widget-1%2Fpkg%2FcardHolder_18e0303.js%22%7D%2C%22disk-system%3Ap9%22%3A%7B%22url%22%3A%22%2Fbox-static%2Fdisk-system%2Fpkg%2Fuploader-all_9bf60fd.css%22%7D%2C%22disk-system%3Ap8%22%3A%7B%22url%22%3A%22%2Fbox-static%2Fdisk-system%2Fpkg%2Fuploader-all_dc3e3b9.js%22%7D%2C%22disk-system%3Ap1%22%3A%7B%22url%22%3A%22%2Fbox-static%2Fdisk-system%2Fpkg%2Fasync-all_576ed3a.js%22%7D%2C%22disk-system%3Ap10%22%3A%7B%22url%22%3A%22%2Fbox-static%2Fdisk-system%2Fpkg%2Fhome-all_7d32083.js%22%7D%2C%22file-widget-1%3Ap11%22%3A%7B%22url%22%3A%22%2Fbox-static%2Ffile-widget-1%2Fpkg%2Fimage-all_9bce6bf.js%22%7D%2C%22file-widget-1%3Ap14%22%3A%7B%22url%22%3A%22%2Fbox-static%2Ffile-widget-1%2Fpkg%2Fmindmap-all_43c60f0.css%22%7D%2C%22file-widget-1%3Ap13%22%3A%7B%22url%22%3A%22%2Fbox-static%2Ffile-widget-1%2Fpkg%2Fmindmap-all_90e4e6b.js%22%7D%2C%22file-widget-1%3Ap16%22%3A%7B%22url%22%3A%22%2Fbox-static%2Ffile-widget-1%2Fpkg%2FmusicPlay-all_3559367.css%22%7D%2C%22file-widget-1%3Ap15%22%3A%7B%22url%22%3A%22%2Fbox-static%2Ffile-widget-1%2Fpkg%2FmusicPlay-all_3e6f87d.js%22%7D%2C%22file-widget-1%3Ap18%22%3A%7B%22url%22%3A%22%2Fbox-static%2Ffile-widget-1%2Fpkg%2Fpreview-all_045fe8c.css%22%7D%2C%22file-widget-1%3Ap17%22%3A%7B%22url%22%3A%22%2Fbox-static%2Ffile-widget-1%2Fpkg%2Fpreview-all_463eaf7.js%22%7D%2C%22file-widget-1%3Ap20%22%3A%7B%22url%22%3A%22%2Fbox-static%2Ffile-widget-1%2Fpkg%2FvideoPlay-all_31e0cd6.css%22%7D%2C%22file-widget-1%3Ap19%22%3A%7B%22url%22%3A%22%2Fbox-static%2Ffile-widget-1%2Fpkg%2FvideoPlay-all_75bc42b.js%22%7D%2C%22file-widget-1%3Ap22%22%3A%7B%22url%22%3A%22%2Fbox-static%2Ffile-widget-1%2Fpkg%2Fzip-all_bd01301.css%22%7D%2C%22function-widget-1%3Ap3%22%3A%7B%22url%22%3A%22%2Fbox-static%2Ffunction-widget-1%2Fpkg%2FbuttonGuide-all_1fc6bac.js%22%7D%2C%22function-widget-1%3Ap5%22%3A%7B%22url%22%3A%22%2Fbox-static%2Ffunction-widget-1%2Fpkg%2Fdevice-all_4f5b579.css%22%7D%2C%22function-widget-1%3Ap4%22%3A%7B%22url%22%3A%22%2Fbox-static%2Ffunction-widget-1%2Fpkg%2Fdevice-all_a3740ac.js%22%7D%2C%22function-widget-1%3Ap7%22%3A%7B%22url%22%3A%22%2Fbox-static%2Ffunction-widget-1%2Fpkg%2Fdirector-all_60d5f22.css%22%7D%2C%22function-widget-1%3Ap6%22%3A%7B%22url%22%3A%22%2Fbox-static%2Ffunction-widget-1%2Fpkg%2Fdirector-all_08b7acb.js%22%7D%2C%22function-widget-1%3Ap22%22%3A%7B%22url%22%3A%22%2Fbox-static%2Ffunction-widget-1%2Fpkg%2FshareDir-all_c76449e.js%22%7D%2C%22function-widget-1%3Ap20%22%3A%7B%22url%22%3A%22%2Fbox-static%2Ffunction-widget-1%2Fpkg%2Fshare-all_043e3e1.js%22%7D%2C%22function-widget-1%3Ap18%22%3A%7B%22url%22%3A%22%2Fbox-static%2Ffunction-widget-1%2Fpkg%2FqrCode-all_e230144.css%22%7D%2C%22function-widget-1%3Ap1%22%3A%7B%22url%22%3A%22%2Fbox-static%2Ffunction-widget-1%2Fpkg%2Fsync-all_6f63cae.css%22%7D%2C%22function-widget-1%3Ap2%22%3A%7B%22url%22%3A%22%2Fbox-static%2Ffunction-widget-1%2Fpkg%2Fasync-all_7367064.js%22%7D%2C%22function-widget-1%3Ap0%22%3A%7B%22url%22%3A%22%2Fbox-static%2Ffunction-widget-1%2Fpkg%2Fsync-all_60ea41c.js%22%7D%2C%22function-widget-1%3Ap9%22%3A%7B%22url%22%3A%22%2Fbox-static%2Ffunction-widget-1%2Fpkg%2Fhistory-all_c4c67b4.css%22%7D%2C%22function-widget-1%3Ap8%22%3A%7B%22url%22%3A%22%2Fbox-static%2Ffunction-widget-1%2Fpkg%2Fhistory-all_c6241a6.js%22%7D%2C%22function-widget-1%3Ap10%22%3A%7B%22url%22%3A%22%2Fbox-static%2Ffunction-widget-1%2Fpkg%2Fmyshare-all_32d818f.js%22%7D%2C%22function-widget-1%3Ap12%22%3A%7B%22url%22%3A%22%2Fbox-static%2Ffunction-widget-1%2Fpkg%2FofflineDownload-all_489c9b8.css%22%7D%2C%22function-widget-1%3Ap11%22%3A%7B%22url%22%3A%22%2Fbox-static%2Ffunction-widget-1%2Fpkg%2FofflineDownload-all_c1f2eb8.js%22%7D%2C%22function-widget-1%3Ap14%22%3A%7B%22url%22%3A%22%2Fbox-static%2Ffunction-widget-1%2Fpkg%2Fpassword-all_77cf3cf.css%22%7D%2C%22function-widget-1%3Ap13%22%3A%7B%22url%22%3A%22%2Fbox-static%2Ffunction-widget-1%2Fpkg%2Fpassword-all_b64460a.js%22%7D%2C%22function-widget-1%3Ap16%22%3A%7B%22url%22%3A%22%2Fbox-static%2Ffunction-widget-1%2Fpkg%2Fprint-all_bf26631.css%22%7D%2C%22function-widget-1%3Ap15%22%3A%7B%22url%22%3A%22%2Fbox-static%2Ffunction-widget-1%2Fpkg%2Fprint-all_12548c1.js%22%7D%2C%22function-widget-1%3Ap17%22%3A%7B%22url%22%3A%22%2Fbox-static%2Ffunction-widget-1%2Fpkg%2FqrCode-all_68573df.js%22%7D%2C%22function-widget-1%3Ap19%22%3A%7B%22url%22%3A%22%2Fbox-static%2Ffunction-widget-1%2Fpkg%2Frecyclebin-all_baeddc5.js%22%7D%2C%22function-widget-1%3Ap21%22%3A%7B%22url%22%3A%22%2Fbox-static%2Ffunction-widget-1%2Fpkg%2Fshare-all_7b2ca01.css%22%7D%2C%22function-widget-1%3Ap23%22%3A%7B%22url%22%3A%22%2Fbox-static%2Ffunction-widget-1%2Fpkg%2FshareDirDetail-all_81617d5.js%22%7D%2C%22disk-share%3Ap2%22%3A%7B%22url%22%3Anull%7D%2C%22disk-share%3Ap3%22%3A%7B%22url%22%3Anull%7D%2C%22system-core%3Ap0%22%3A%7B%22url%22%3Anull%7D%7D%7D)%3B\"}"}}