{"ts":1511948521530,"data":{"black_list":"o{\"status\":1,\"version\":2,\"message\":\"0.1測試版，2017-05-16發佈...version_2.4.8黑名单更新至31个\",\"waitUpload\":[],\"currentURL\":\"null\",\"data\":[\"b.faloo.com\",\"bbs.coocaa.com\",\"book.hjsm.tom.com\",\"book.zhulang.com\",\"book.zongheng.com\",\"chokstick.com\",\"chuangshi.qq.com\",\"city.udn.com\",\"cutelisa55.pixnet.net\",\"huayu.baidu.com\",\"imac.hk\",\"life.tw\",\"luxmuscles.com\",\"news.missevan.com\",\"read.qidian.com\",\"www.15yan.com\",\"www.17k.com\",\"www.18183.com\",\"www.360doc.com\",\"www.coco01.net\",\"www.eyu.com\",\"www.hongshu.com\",\"www.hongxiu.com\",\"www.imooc.com\",\"www.inoreader.com\",\"www.jjwxc.net\",\"www.readnovel.com\",\"www.tadu.com\",\"www.xxsy.net\",\"www.z3z4.com\",\"www.zhihu.com\",\"yuedu.163.com\"]}"}}