{"options":{"check_for_updates":true,"comment":null,"compatopts_for_requires":true,"compat_wrappedjsobject":false,"compat_metadata":false,"compat_foreach":false,"compat_arrayleft":false,"compat_uW_gmonkey":false,"compat_forvarin":false,"noframes":null,"awareOfChrome":false,"run_at":null,"override":{"use_includes":[],"orig_includes":["*://v.qq.com/*","*://lol.qq.com/v/*","*://film.qq.com/*","*://view.inews.qq.com/*","*://news.qq.com/*"],"merge_includes":true,"use_matches":[],"orig_matches":[],"merge_matches":true,"use_excludes":[],"orig_excludes":[],"merge_excludes":true,"use_connects":[],"merge_connects":true,"use_blockers":[],"orig_run_at":"document-start","orig_noframes":null,"orig_connects":[]}},"settings":{"enabled":true,"position":86},"meta":{"name":"腾讯视频h5","uuid":"a8cc8bae-9012-4435-8cdd-e4483a5e9cd9","modified":1512151696851,"file_url":"https://greasyfork.org/scripts/22376-%E8%85%BE%E8%AE%AF%E8%A7%86%E9%A2%91h5/code/%E8%85%BE%E8%AE%AF%E8%A7%86%E9%A2%91h5.user.js"}}