{"options":{"check_for_updates":true,"comment":null,"compatopts_for_requires":true,"compat_wrappedjsobject":false,"compat_metadata":false,"compat_foreach":false,"compat_arrayleft":false,"compat_uW_gmonkey":false,"compat_forvarin":false,"noframes":null,"awareOfChrome":false,"run_at":null,"override":{"use_includes":[],"orig_includes":[],"merge_includes":true,"use_matches":[],"orig_matches":["https://www.zhihu.com/question/*","https://www.zhihu.com/settings/filter"],"merge_matches":true,"use_excludes":[],"orig_excludes":[],"merge_excludes":true,"use_connects":[],"merge_connects":true,"use_blockers":[],"orig_run_at":"document-idle","orig_noframes":null,"orig_connects":[]}},"settings":{"enabled":true,"position":17},"meta":{"name":"自动屏蔽三无用户点赞超过50%的回答","uuid":"d6948b0b-4b84-4ead-9005-f1c74fd875f1","modified":1511039687097,"file_url":"https://greasyfork.org/scripts/24106-%E8%87%AA%E5%8A%A8%E5%B1%8F%E8%94%BD%E4%B8%89%E6%97%A0%E7%94%A8%E6%88%B7%E7%82%B9%E8%B5%9E%E8%B6%85%E8%BF%8750-%E7%9A%84%E5%9B%9E%E7%AD%94/code/%E8%87%AA%E5%8A%A8%E5%B1%8F%E8%94%BD%E4%B8%89%E6%97%A0%E7%94%A8%E6%88%B7%E7%82%B9%E8%B5%9E%E8%B6%85%E8%BF%8750%25%E7%9A%84%E5%9B%9E%E7%AD%94.user.js"}}