{"options":{"check_for_updates":true,"comment":null,"compatopts_for_requires":true,"compat_wrappedjsobject":false,"compat_metadata":false,"compat_foreach":false,"compat_arrayleft":false,"compat_uW_gmonkey":false,"compat_forvarin":false,"noframes":null,"awareOfChrome":false,"run_at":null,"override":{"use_includes":[],"orig_includes":["*//search.jd.com/*","*//www.jd.com/pinpai/*","*//list.jd.com/list.html?*"],"merge_includes":true,"use_matches":[],"orig_matches":[],"merge_matches":true,"use_excludes":[],"orig_excludes":[],"merge_excludes":true,"use_connects":[],"merge_connects":true,"use_blockers":[],"orig_run_at":"document-start","orig_noframes":null,"orig_connects":[]}},"settings":{"enabled":true,"position":16},"meta":{"name":"自动京东配送","uuid":"18e4d1ee-262b-47d2-8dc5-0305a0393332","modified":1511039624944,"file_url":"https://greasyfork.org/scripts/18190-%E8%87%AA%E5%8A%A8%E4%BA%AC%E4%B8%9C%E9%85%8D%E9%80%81/code/%E8%87%AA%E5%8A%A8%E4%BA%AC%E4%B8%9C%E9%85%8D%E9%80%81.user.js"}}