{"options":{"check_for_updates":true,"comment":null,"compatopts_for_requires":true,"compat_wrappedjsobject":false,"compat_metadata":false,"compat_foreach":false,"compat_arrayleft":false,"compat_uW_gmonkey":false,"compat_forvarin":false,"noframes":null,"awareOfChrome":false,"run_at":null,"override":{"use_includes":[],"orig_includes":["*www.wandoujia.com/apps/*"],"merge_includes":true,"use_matches":[],"orig_matches":[],"merge_matches":true,"use_excludes":[],"orig_excludes":[],"merge_excludes":true,"use_connects":[],"merge_connects":true,"use_blockers":[],"orig_run_at":"document-end","orig_noframes":null,"orig_connects":[]}},"settings":{"enabled":true,"position":106},"meta":{"name":"豌豆荚直接下载","uuid":"b620104c-57b5-4847-818d-1d2a5017bd2d","modified":1515714719250,"file_url":"https://greasyfork.org/scripts/20002-%E8%B1%8C%E8%B1%86%E8%8D%9A%E7%9B%B4%E6%8E%A5%E4%B8%8B%E8%BD%BD/code/%E8%B1%8C%E8%B1%86%E8%8D%9A%E7%9B%B4%E6%8E%A5%E4%B8%8B%E8%BD%BD.user.js"}}